|MULTISERVICIOS COLOMBIA A Y P SAS;900625385;Gerencia@multiservicioscolombia.com
3 CREATIVES;900423421;contabilidad@3creatives.com
3 CREATIVES;900423421;lily.diaz@3creatives.com
3M COLOMBIA SA;860002693;dmruedacollazos@mmm.com
95/24 COLOMBIA;900554064;acifuentesr@9524colombia.com
ABASTECEDORA DE FERRETERIAS SAS;900975111;dsaenz@grupotoolcraft.com
ABASTECEDORA DE FERRETERIAS SAS;900975111;cvela@grupotoolcraft.com
ABASTECEDORA DE FERRETERIAS SAS;900975111;cartera.co@grupotoolcraft.com
ABASTECEDORA DE FERRETERIAS SAS;900975111;dvelandia@grupotoolcraft.com
ABASTECEDORA DE FERRETERIAS SAS;900975111;ycristancho@grupotoolcraft.com
ABASTECEDORA DE FERRETERIAS SAS;900975111;jfranco@grupotoolcraft.com
ABCCOMERCIALIZADORAINDUSTRIAL;900085827;abccomerin@hotmail.com
ABRIL JUAN FRANCISCO;94426914;fabriles@hotmail.es
ACEVEDO JUAN DAVID;1130663152;juanjason.ja@gmail.com
AEROVIAS DEL CONTINENTE AMERICANOAVIANCA;890100577;cartera@avianca.com
AGLOMADERAS SAS;830062582;aprendizsena@aglomaderas.com.co
AGROFORESTAL DE COLOMBIA SAS;890318363;agroforestalcali@hotmail.com
ALARMAR LIMITADA;890919267;diana.osorio@alarmar.com.co
ALARMAR LIMITADA;890919267;servicliente.cali@alarmar.com.co
ALBACORA SAS;800161451;calidadalbacora@gmail.com
ALEXANDER MUEBLES;805030790;rimaxalex@gmail.com
ALFAGRES SA;860032550;diana.osorio@alfa.com.co
ALMACEN AUTOCOLOR;16692337;autocolor.ingnieria@yahoo.com
ALMACEN SURTITODO LTDA;890317504;Auxiliar-contabilidad@almacensurtitodo.com.co
ALMACEN SURTITODO LTDA;890317504;comercial11@almacensurtitodo.com.co
ALMACENADORAINTERAMERICANA;805001149;ana.sierra@aintercarga.com
ALMACENADORAINTERAMERICANA;805001149;zenaida.rada@aintercarga.com
ANCLAJES TORRES YEPES Y CIA EN CS;800046630;anclajestorres@gmail.com
APEX TOOL GROUP SAS;890311366;Sandra.Escobar@ApexToolGroup.com
APEX TOOL GROUP SAS;890311366;yuri.moreno@apextoolgroup.com
APLIKA CONTROL CORROSION SAS;900408954;auxventas@aplika.com.co
APLIKA CONTROL CORROSION SAS;900408954;auxiliarcontabilidad1@aplika.com.co
ARCO EQUIPOS INDUSTRIALES SAS;830067378;comercial1@arcoequipos.com
ARCOMAR SAS;900189588;emardosmil@hotmail.com
ARTECMA LTDA;860052160;edgar-monzon@hotmail.com
ASESORIA Y PRODUCTOS EN PREVENCION Y SEGURIDAD;900642766;auxiliarcontable@aspreseg.com
ASESORIA Y PRODUCTOS EN PREVENCION YSEGURIDAD;900642766;niif@aspreseg.com
ASESORIA Y PRODUCTOS EN PREVENCION YSEGURIDAD;900642766;sbmarco@hotmail.com
ASESORIA Y PRODUCTOS EN PREVENCION YSEGURIDAD;900642766;zonaoccidente@aspreseg.com
ASOCIACION TECNICA COMERCIAL E INDUSTRIA;890900240;dmorenog@asteco.com.co
ASSA ABLOY COLOMBIA SAS;860009826;lorena.medina@assaabloy.com
ASSA ABLOY COLOMBIASAS;860009826;natalia.bermudez@assaabloy.com
ATLANTICSOFT SAS;900732607;paola@vendamasfacil.com
ATLANTICSOFT SAS;900732607;natalia@vendamasfacil.com
ATLAS LTDA;890312749;ventas@atlas.com.co
AXXECOL SA;860528410;cali@axxecol.com
BARRIOS DIEZ DAVID;1005934361;compulima_inter@hotmail.com
BECERRA PATIÑO Y CIA LTDA DIMECOL;860008977;dimecol@outlook.com
BELLOTA SA;890807976;servicio.cliente@col.bellota.com
BELLTEC SAS;800151127;contabilidad@belltec.com.co
BENAVIDES MELO SAS;800248701;analista.impuestos@bemel.com.co
BIGLASER LTDA ;805022509;cartera@biglasercali.com
BIGLASER LTDA ;805022509;comercial2@biglasercali.com
BIGLASER LTDA ;805022509;serviciotecnico@biglasercali.com
BLACK Y DECKER DE COLOMBIA SAS;860070698;Lesly.Restrepo@sbdinc.com
BLACK Y DECKER DE COLOMBIA SAS;860070698;alejandro.jimenez@sbdinc.com
BLACK Y DECKER DE COLOMBIA SAS;860070698;Natalia.Laguna@sbdinc.com
BLUECARIBU SAS;900554064;contabilidad@bluecaribu.com
BOCANEGRA ESCOBARJORGE;16700363;jorgebocanegraescobar@hotmail.com
C A MEJIA & CIA SA ;890900223;cali@camejia.com
CAICEDO CESAR TULIO;16257313;produseg2013@gmail.com
CALVACHE PEDRO PABLO;12963889;pepalcasa@hotmail.com
CALZADO TERRANO SAS;900270177;ventas2@calzadoterrano.com
CAPRIS COLOMBIA SAS;900584804;focampo@capris.com.co
CAPRIS COLOMBIA SAS;900584804;lpulido@capris.com.co
CAPRIS COLOMBIA SAS;900584804;nancy.dominguez@capris.com.co
CAPRIS COLOMBIA SAS;900584804;ndominguez@capris.com.co
CARANGEL SAS;830512582;pintomotriz@hotmail.com
CARANGEL SAS;830512582;ventas@proveaire.com
CARANGEL SAS;830512582;german.gonzalez@proveaire.com
CARVAJAL MORENO DARIO RUBEN;16656256;paloty@hotmail.com
CASA FERRETERA SA;890937010;telemercadeo1@casaferretera.com
CASTRO VERGARAHAROLD;16657236;haroldcastrometalicas@yahoo.com
CAVAR SA;860501575;coordinador.adm@cavar.com.co
CAVAR SA;860501575;javier.lozano@cavar.com.co
CCI MARKETPLACE SA;900141314;bbecerra@ccimarketplace.com
CCI MARKETPLACE SA;900141314;cartera@ccimarketplace.com
CCI MARKETPLACE SA;900141314;gmachado@ccimarketplace.com
CEDENO SALAZAR CARLOS HUMBERTO;4295938;carloscedenosalazar.1971@gmail.com
CELLUX COLOMBIANA SA;890406520;cartera2@cellux.com
CELLUX COLOMBIANA SA;890406520;ventas71@cellux.com
CENTRA INGENIERIA Y CONSTRUCCION SAS;900496980;amcastano@centraic.com
CENTRAL DE SOLDADURAS;890110294;asiscarteracali@centraldesoldaduras.com
CENTRAL DESOLDADURAS;890110294;asesor3.cali@centraldesoldaduras.com
CENTRO ACEROS S.A.;800021013;cartera@centroaceros.com
CERTIFICADOS TECNIYALE;800226013;certificados@tecniyale.com
CFG LTDA;805017152;rescatec@hotmail.com
CIEL INGENIERIA SAS;860521236;inavarrete@cielingenieria.com
CLAY SA;805016105;carolina.sanchez@clay.com.co
CLAY SA;805016105;sandra.gutierrez@clay.com.co
CODINTER SA;890316233;elianacarvajal@codinter.com
COHERCO INGENIERIA Y HERRAMIENTAS SAS;900040531;cartera@coherco.com
COHERCO INGENIERIA Y HERRAMIENTAS SAS;900040531;wpineda@coherco.com
COLOMBIA GAMAFER SAS;900840806;gamafersas@hotmail.com
COLOMBIANA DE FERRETERIAS CALI SAS;900784875;cobranzas@colfercali.com
COLOMBIANA DE SOLDADURAS Y SEGURIDAD COSOLSEG SAS;901045535;asistenteadministrativa@cosolseg.com.co
COLOMBIANA DE FERRETERIA CALI SAS;900784875;ventas5@colfercali.com
COLOMBIANA DE CALCOMANIAS;900310706;comercial@ccalcomanias.com
COMERCIALIZADORA CQ;900109577;comercq@yahoo.com
COMERCIALIZADORA CQ;900109577;tesoreria@comercializadoracq.com
COMERCIALIZADORALUIS A GOMEZ;835000065;hoteltorremarbuenaventura@gmail.com
COMERSEG INDUSTRIAL;800194982;contabilidad@comerseg.com
CONFECCIONES MIDY SAS;815004125;asesor.midy@outlook.com
CONOS VIALES;830042061;facturacion@conosviales.com.co
CONSIMEX SA;800156111;tesoreria@consimexcali.com
CONSORCIO CERTIFICADOS;890900290;EJAgudelo@condustrial.com.co
CONSORCIO INDUSTRIAL-CERTIFICADOS;890900290;LHUribe@condustrial.com.co
CONSORCIO INDUSTRIALSA;890900290;jcestrada@condustrial.com.co
CONSORCIO PAGOS;890900290;stamayo@condustrial.com.co
CONTINENTE SAS;890101279;prac.cartera@continente.com.co
CONVERGE;901043496;gerencia@converge.com.co
CORREDORES DE SEGUROS DEL VALLE SA;890300040;seguros@correvalle.com
CPAAI CABRERAINTERNACIONAL;805005846;aprendiz@cpaaicabrerayasociados.co
Daisy Castellanos Usuaga;900612389;cud@pewag.com
DICOLSA SAS;805008302;dicolsacali@dicolsaltda.com
DIME LTDA;830097808;ventas@dimelectrico.com
DISFECOL SAS;900298447;cartera@disfecol.com
DISFECOL SAS;900298447;facturacion@disfecol.com
DISTRIALFA DEL PACIFICO SAS;900013119;cartera@distrialfa.com
DISTRIBUCIONES ANDRA;805009274;andrarimax@hotmail.com
DISTRIBUCIONESHOYOSTOOLS.SA;900617515;servicioalcliente@hoyostools.com
DISTRIBUIDORA EXTRA LTDA;890321052;extra@distribuidoraextra.com
DISTRIBUIDORA  INDUSTRIAL GODOY SAS;805001452;contabilidad@disgodoy.com
DRYWALL COLOMBIA;900227771;adriano0728@hotmail.com
DURESPO CERTIFICADO;890914336;ramoreno@durespo.com.co
DURESPO S A;890914336;jumartinez@durespo.com.co
DURESPO S A;890914336;nilfisk@durespo.com.co
DURESPO SAS;890914336;cartera@durespo.com.co
DURESPO SAS;890914336;contact@durespo.com.co
EFRAIN TORRES MARTINEZ;16694541;logistica.indeembalajes@gmail.com
EINHELL COLOMBIA SAS;900582806;liliana.garcia@einhell.com
EL PROVEEDOR NAVAL;32620162;ventas@proveedornaval.com
EL COMERCIO ELECTRICO DEL NORTE SAS;805031411;comercionorte@comercioelectrico.com
ELECTRONICA DE POTENCIA Y SEMICONDUCTORE;900583443;facturacion@epys.com.co
ELECTRONICA DE POTENCIA YSEMICONDUCTORES;900583443;ventas3@epys.com.co
EMPAQUETADURA Y EMPAQUES SA;890915475;cartera@eyesa.com.co
EMPAQUETADURAS Y EMPAQUES SA;890915475;mariagarzon@eyesa.com.co
EMPRESA METALMECANICA DE ALUMINIO;890938783;esalazar@grupoalumina.com.co
EMPSA LTD SAS;830041207;info@ridgidcolombia.com
ENCISO LTDA;816004007;info@encisoltda.com
ENCISO LTDA;816004007;aprendiz@encisoltda.com
ENCISO LTDA;816004007;cajeracali@encisoltda.com
ENCISO LTDA;816004007;mostradorcali1@encisoltda.com
ENITEL SAS;900024275;administrativo@enitelsas.com
ENTERPRISE LTDA;900163930;cartera@siesa.com
ENTERPRISE LTDA;900163930;luis.caicedo@siesa.com
EQUIPOS DE PROTECCION INDIVIDUAL SAS;900130488;auxcontable@epicali.com.co
EQUIPOS INDUSTRIALES DE COLOMBIA LTDA;805009199;contab1@equiposindustriales.com.co
EQUIPOS INDUSTRIALES DE COLOMBIA LTDA;805009199;jbonilla@equiposindustriales.com.co
EQUIPOS Y CONTROLES INDUSTRIALES SA;860055583;cartera@eci.com.co
EQUIPOS Y CONTROLES INDUSTRIALES SA;860055583;distribucionmitutoyo@eci.com.co
EQUIPOS Y SERVICIOS DE LOS ANDES SAS;900395100;ventascali@tecnotalleres.com
EQUIPOS DE PROTECCIONINDIVIDUAL;900130488;asistencia.mercadeo@epicali.com.co
EQUITEST COLOMBIA SAS;900483340;diana.marcela@equitest.co
ERASMUS SAS;830035136;ivan.charry@erasmus.com.co
ESCALERAS DE COLOMBIA DEL CARIBE LTDA;806015945;carlos@escalerasdecolombia.com
ETIMARCAS SAS;805012966;helenperez@etimarcas.com
EXTINTORES ALRAL;900436046;alral_48@outlok.com
EXTINTORES ALRALPAGOS;900436046;piliramirezclavijo@hotmail.com
EXTINTORES Y SEGURIDAD SUPER LTDA;805007064;ventas@extintoressuper.com
FABY SPORT SAS;900632710;auxcontable@fabysport.com
FEDERACION NACIONAL DE COMERCIANTES;890303215;carteraafiliados@fenalcovalle.com
FEDERACION NACIONAL DE COMERCIANTES;890303215;gloriavalencia@fenalcovalle.com
FEDERACION NACIONAL DE COMERCIANTES;890303215;servicioalcliente@fenalcovalle.com
FEDERAL EXPRESS CORPORATION;830017271;fedex.cartera@serlefin.com
FEDERAL EXPRESS CORPORATION;830017271;cartera.fedex5@serlefin.com
FERETERIA JRC;860534340;FACTURACION@FERRETERIAJRC.COM
FERRACOR SAS;900441624;cpatricia@ferracor.com
FERRELECTRIC EURO;900816242;ferrelectriceuro@hotmail.com
FERREPLASTICOS SAS;805019312;asiscartera@ferreplasticos.com
FERRESOL SAS ;805013450;comercial@ferresol.co
FERRETERÍA BARBOSA;890308587;callcenter2@ferreteriabarbosa.com
FERRETERIA INDUSTRIAL S A S;860030828;contabilidad3@fisa.com.co
FERRETERIA JRC CIA LTDA;860534340;ventas@ferreteriajrc.com
FERRETERIA LUIS PENAGOS SAS;830037039;cartera@ferreterialuispenagos.com.co
FERRETERIA LUIS PENAGOS SAS;830037039;ventas@ferreterialuispenagos.com
FERRETERIA LUIS PENAGOS SAS;830037039;auxiliar@ferreterialuispenagos.com.co
FERRETERIA LUIS PENAGOS SAS;830037039;flp@elsitio.net.co
FERRETERIA REAL LTDA;890303439;jmazueratrejos@gmail.com
FERRETIENDAS SA;900116865;ferreteriatiendas@gmail.com
FERRIN PETROL FERRETERIA INDUSTRIAL;800047093;jmoreno@ferrinpetrol.com
FERRTERIA INDUSTRIAL SAS;860030828;cali@fisa.com.co
FERVICOLOR SAS;860403116;gustavoa@fervicolor.com
FERVICOLOR SAS;860403116;acevedou1942@gmail.com
FIJACIONES TORRES SA;860505407;fijacionestorrescartera@outlook.com
FIJACIONES TORRES SA;860505407;fijacionestorressa@outlook.com
FISA ANDINA SAS;901244967;contabilidad4@fisa.com.co
FORTOX SA;860046201;maria.garzon@fortoxsecurity.com
FULLER PINTO SA;860031786;ventas103@fullerpinto.com
FUMIGACIONES TECNICAS VALENCIA SAS;900331918;info@fumigacionesvalencia.com.co
GARCIA NARANJO ANGELICA YASMI;38561611;bicicletasalgar@hotmail.com
GATOS HIDRAULICOS DE OCCIDENTE LTDA;800097036;ghidraulicos@emcali.net.co
GIGABYTE COLOMBIA LTDA;805026215;alro1960@hotmail.com
GIRALDO MORALES MARIO FERNANDO;16268295;cocinamg@hotmail.com
GLOBAL MOTOR SA;830077515;asistentecontabilidad@insafe.com.co
GLOBAL MOTOR SA;830077515;L.David@globalmotor.co
GLOBAL MOTOR SA;830077515;contabilidad1@globalmotor.net
GLOBAL MOTOR SA;830077515;cartera@globalmotor.net
GLOBAL SAFETY SUPPLIES SAS;900894399;contabilidad@insafe.com.co
GLOBAL SAFETY SUPPLIES SAS;900894399;auxadmon2@insafe.com.co
GOMEZ MORENO VICTOR;10590331;victor_el_grande@hotmail.com
GRAINGER COLOMBIA SAS;900355101;maria.paz@grainger.com.co
GRUPO EMPRESARIAL SILVER SAS;900420715;wilsoncobo5@hotmail.com
GUANTES INDUSTRIALES ALEJANDRA SAS;900713967;carlos_guantes@yahoo.es
H UJUETA SAS;900014141;coord.contabilidad@ujueta.com
H UJUETA SAS;900014141;cartera@ujueta.com
H UJUETA SAS;900014141;aux.cartera03@ujueta.com
HDC FERRETERIA Y SUMINISTROS SAS;900319774;hdcauxcontable@gmail.com
HDC FERRETERIA Y SUMINISTROS SAS;900319774;ventas1@gmail.com
HDC FERRETERIA Y SUMINISTROS SAS;900319774;hdcpagos@gmail.com
HERNANDEZ ESCOBAR CARLOS ALBERTO;14704499;calzaunicocolombia@hotmail.com
HERNANDO OROZCO Y CIA SAS;900022412;ferreteria@hoferreteria.com
HERRAMIENTAS Y SEGURIDAD SAS;800181509;asesorcali@herraseg.com
HERRAMIENTAS Y SEGURIDAD SAS;800181509;herrasegadmon@hotmail.com
HERRAMIENTAS Y SEGURIDAD SAS;800181509;analistacompras@herramientasyseguridad.com
HIDRAULICOS J R SAS;900521080;contabilidad@hidraulicosjrsas.com
HILTI COLOMBIA SAS;900456739;creditoycartera.co@hilti.com
HILTI COLOMBIA SAS;900456739;ruizandr@hilti.com
IDC SAFETY SAS;900263294;cartera@idcsafety.com.co
IDC SAFETY SAS;900263294;soportecali@idcsafety.com.co
IDC SAFETY SAS;900263294;logisticacali@idcsafety.com
IEM INGENIERIA SAS;900758877;contabilidad@iemingenieria11.com
IFAM COLOMBIA SAS;900732517;mvarela@ifam.com.co
IGT S A S;805027390;adelgado@igt.net.co
ILUMAX SA;900053261;analistacartera@ilumax.com.co
IMEQUIPOS IMETAN SAS;830060602;ebautista@imetan.com
IMEQUIPOS IMETAN SAS;830060602;asistesoreria2@solucionesdel.com
IMEQUIPOS IMETAN SAS;830060602;Lmartinez@imetan.com
IMPORTACIONES EL CRISOL LTDA;860009693;elcrisol.cali@gmail.com
IMPORTACIONES INTERTRAN LTDA;830126983;intertramcont@hotmail.com
IMPORTACIONES INTERTRAN LTDA.;830126983;intertramlapp@hotmail.com
IMPORTACIONES JCH TOOLS SAS;900112114;cartera@urrea.net
IMPORTACIONES JCH TOOLS SAS;900112114;jnoguera@hurrea.net
IMPORTACIONES Y REPRESENTACIONES MORENO;860530104;cartera@imremo.com.co
IMPORTADORA DE FERRETERIA SAS;860033653;impuestos@impofer.com
IMPORTADORA DE FERRETERIA SAS;860033653;rep.alvarez0412@hotmail.com
IMPORTADORA MUNDIAL FERRETERA LTDA;830066854;liliana.imfl@gmail.com
IMPORTADORA MUNDIAL FERRETERA LTDA;830066854;pedrom@imfl.com
IMPORTADORA MUNDIAL FERRETERA LTDA;830066854;ventas@imfl.co
IMPORTADORES EXPORTADORES SOLMAQ SAS;860054854;mabel.gomajoa@solmaq.com
IMPORTADORES EXPORTADORES SOLMAQ SAS;860054854;alvaro.vasquez@solmaq.com
IMPORTADORES EXPORTADORES SOLMAQ SAS;860054854;carteraayg@solmaq.com
IMPORTADORES EXPORTADORES SOLMAQ SAS;860054854;johana.carabali@solmaq.com
IMPORTADORES EXPORTADORES SOLMAQ SAS;860054854;lorena.rojas@solmaq.com
IMPORTADORES EXPORTADORES SOLMAQ SAS;860054854;narly.legarda@solmaq.com
IMPORTEC COMERCIAL SAS;830080190;contabilidadimportec@hotmail.com
IMPOSEG INDUSTRIAL LTDA;900245878;contabilidad@imposeg.com
IMPOSEG INDUSTRIAL LTDA;900245878;ventas@imposeg.com
INDUSTRIA SKR SAS;900273892;industria-skr@hotmail.com
INDUSTRIA SOBRE RUEDAS S A S;811016479;sobreruedas@sobreruedas.com.co
INDUSTRIAL COLOMBIA ELECTRONICA LTD;830032964;administrativo@icelectronica.com
INDUSTRIAS SELLAMART SAS;900380204;industriassellamart@gmail.com
INGENIERIA EN MANUALIDADES SAS;800187547;ventas@ingenieriaenmanualidades.com.co
INGENIERIA Y REPRESENTACIONES SAS;800193759;contabilidad3@inresa.cc
INVESA SA;890900652;lgallon@invesa.com
INVESA SA;890900652;info@invesa.com
JAGO DIGITAL SAS;900122581;contadora@jagodigital.com.co
JEP MOBILIARI;890323667;analistacartera@jepmobiliari.com
KARCHER SAS;900482537;alfonso.chiquisa@co.karcher.com
KARCHER SAS;900482537;nidia.vargas@co.karcher.com
KARCHER SAS;900482537;ronald.cruz@co.karcher.com
KARCHER SAS;900482537;oscar.velez@co.kaercher.com
KIM SAS;900150383;contabilidad@grupoquasar.com
KING ANDINA SAS;900121205;cartera@kingandina.com
KING ANDINA SAS;900121205;servicioalcliente@kingandina.com
LEVALLEJO AZ SAS;800254012;ventascalle15@levallejoaz.com
LEVALLEJO AZ SAS;800254012;ventasprimera@levallejoaz.com
LICAVIR SAS;830072281;contabilidad@licavir.com
LICAVIR SAS;830072281;auxiliarcontable@licavir.com
LICAVIR SAS;830072281;tesoreria@licavir.com
LICAVIR SAS;830072281;gerencia@licavir.com
LINCOLN SOLDADURAS DE COLOMBIA LTDA;860000332;javier.ayala@lincolnelectric.com.co
LINCOLN SOLDADURAS DE COLOMBIA LTDA;860000332;alexander.plaza@lincolnelectric.com.co
LUIS ENRIQUE CEBALLOS;16719844;hidrapacifico@hotmail.com
MAGNUM LOGISTICS SAS;811012106;igutierrez@magnum.com.co
MAGNUM LOGISTICS SAS;811012106;mangel@magnum.com.co
MAGNUM LOGISTICS SAS;811012106;lgutierrez@magnum.com.co
MAGNUM LOGISTICS SAS;811012106;recepcionclo@magnum.com.co
MAKITA COLOMBIA SAS;900223935;karen.castro@makita.com.co
MAKITA COLOMBIA SAS;900223935;ginna.bayona@makita.com.co
MAKITA COLOMBIA SAS;900223935;sandra.ramirez@makita.com.co
MANGUERAS INDUSTRIALES LTDA;890323716;tatianaaguirre@manguerasindustriales.net
MAQUITEC DE COLOMBIA SAS;900944793;maquidireccioncontable@gmail.com
MAQUITEC DE COLOMBIA SAS;900944793;tesoreria@maquitecdecolombia.com
MAQUITEC DE COLOMBIA SAS;900944793;asesor3@maquitecdecolombia.com
MAQUITEC DE COLOMBIA SAS;900944793;asesor9.maquitec@gmail.com
MARPICO SA;800015615;ccorpus@marpico.com.co
MARQUEZ HEIBERT AUGUSTO;16583859;clavegrafica5@gmail.com
MARULANDA JUANFERNANDO;16740601;carteraextremo@gmail.com
MAYORGA Y ALZATE ASOCIADOS LTDA;890311357;papeleriaandina@gmail.com
MECANELECTRO SA;860001584;contabilidad@mecanelectro.com
MECANICA E INDUSTRIAS LEAL SA;900656412;mecanicaindustrialleal@hotmail.com
MEJIA DE ESCOBAR CECILIA;31851297;s.electroneumatico@gmail.com
MELEXA SA;860531287;cartera-cali@melexa.com
MERCADEO SAS;890319806;nelcy.mueses@mercadeosas.co
METALICAS JEP SAS;890323667;auxtesoreria@jepmobiliari.com
MIGUEL GOMEZ Y COMPANIA SAS;890900137;contabilidad@miguelgomez.com.co
MIGUEL GOMEZ Y COMPANIA SAS;890900137;oorozco.miguelgomez@gmail.com
MIGUEL GOMEZ Y COMPANIA SAS;890900137;auxcontabilidad@miguelgomez.com.co
MODUPLASTIC SAS;900532229;ventas@moduplastic.com
MUNDO ABRASIVOS DEL VALLE LTDA;900318298;mundoabrasivosvalle1@hotmail.com
NATIONAL DIAMON;805029766;ndiamondltda@yahoo.com.co
NATIONAL DIAMONDCORPORATION;900179857;jpineda@nationaldiamond.co
NELCAR DE OCCIDENTE;900388107;financiero@nalcar-sas.com
NESTOR BRAVO SA;800050903;contabilidad2@nestorbravo.com
NESTOR BRAVO SA;800050903;cartera@nestorbravo.com
NESTOR BRAVO SA;800050903;contabilidad1@nestorbravo.com
NEUMATICA DEL CARIBE SA;800062591;leonardo.bueno@neucaribe.com
NIKE COLOMBIANA SA;860025188;recepcion@nikecolombiana.com
NIKE COLOMBIANA SA;860025188;ventas@nikecolombiana.com
NITTA SA;860450430;cartera@nitta.com.co
NUEVO DIARIO DE OCCIDENTE SA;805017188;oilopez@diariooccidente.com.co
OD COLOMBIA SAS;900023386;jonathan.villalobos@officedepot.com.co
OD COLOMBIA SAS;900023386;luz.parra@ofixpres.com.co
ODECOPACK SAS;800176169;contabilidad1@odecopack.com
OFICLASSE MUEBLES LTDA;900138114;oficlassemuebles@hotmail.com
OLAVE ARANGOJAVIER HERNAN;94071747;elijavier@hotmail.com
OPEN GROUP SAS;900249043;auxcontabilidad@opengroupsa.com
OPEN GROUP SAS;900249043;ctoro@opengroupsa.com
ORREGO GOMEZ IVAN DARIO;70105440;idog@une.net.co
PARRA DUQUE JOSE JESUS;14437181;electricoselpaisa_2@hotmail.com
PEDRO SANCHEZ R. SAS;860068802;cali@pesara.com.co
PEDRO SANCHEZ R. SAS;860068802;sgc@pesara.com.co
PELAEZ LOPEZ CARLOS FERNANDO;16732208;cajaspelaez@yahoo.es
PEWAG COLOMBIA SAS;900612389;pne@pewag.com
PEWAG COLOMBIA SAS;900612389;contabilidad@chainprosas.com
PEWAG COLOMBIA SAS;900612389;orj@pewag.com
PINO VARGAS NINFA ESTHER;31941520;info@electronicasannicolas.com
POTENCIA YTECNOLOGIA SAS;900474144;contabilidad@potenciaytecnologia.com
POTENCIA YTECNOLOGIA SAS;900474144;ventas@potenciaytecnologia.com
PREVENTUM CONSULTORES SAS;900655079;preventum.consultores@gmail.com
PUENTES GRUA Y ELEVADORES SAS;900849943;daniela.f@pgesas.com.co
QUALITY WATER SERVICE COLOMBIA SAS;900659017;facturacion@qws.co
QUINTERO ARRUBLA FRANCISCO LUIS;16621758;gelmartillo@hotmail.com
REDES ELECTRICAS S A;860062958;comercialcali2@redeselectricas.com
REDES ELECTRICAS S A;860062958;soporteventascali@redeselectricas.com
REDES LOGICAS LFC SAS;900942390;asistente.lfc@redeslogicas.net.co
RETREADER COLOMBIALTDA;800123180;sedecali@retreadercolombia.com
ROBERT BOSCH LTDA;900184924;dayana.castillo@co.bosch.com
ROBERT BOSCH LTDA;900184924;Dayana.Castillo@co.bosch.com
ROBERT BOSCH LTDA;900184924;Julierth.acosta@co.bosch.com
ROBERT BOSCH LTDA;900184924;fixed-term.Heidy.Corso@co.bosch.com
ROBERT BOSCH LTDA;900184924;jacksson.melo@co.bosch.com
ROBERT BOSCH LTDA;900184924;Omar.Rojas@co.bosch.com
ROBERT BOSCH LTDA;900184924;jhon.mejia@co.bosch.com
ROBERT BOSCH LTDA;900184924;julieth.acosta@co.bosch.com
RODAINDUSTRIALES CALI LTDA;805019134;comercial@rodaindustrialescali.com
RODRIGUEZ Y LONDONO SA;890923691;recepcioncali@rylsa.com.co
ROJAS ALVAREZ JIMMY ALBERTO;6227633;talleresautomotricesdelvalle@hotmail.com
ROLLING DOOR MANUFACTURING DE COLOMBIA SAS;900312071;contabilidad@puertaenrollable.com
ROTHO BLAAS COLOMBIA SAS;900549539;contabilidad.colombia@rothoblaas.com
ROTHO BLAAS COLOMBIA SAS;900549539;raul.gomez@rothoblass.com
RPM AIRE ACONDICIONADO LIMITADA;901053130;gerencia@rpmaires.com
SAINT GOBAIN COLOMBIA SAS;830041598;Victor.Dottor@saint-gobain.com
SAINT GOBAIN COLOMBIA SAS;830041598;Edwin.Cordoba@saint-gobain.com
SALAZAR AVILA WILSON ANDRES;94488517;comercialstopgrafico@hotmail.com
SASA INGENIERIA ALEMANA SAS;900596111;comercial@sasaingealamana.com
SAVAKE COLOMBIA SAS;900742658;auxiliar@savake.com.co
SAVAKE COLOMBIA SAS;900742658;aolarte@savake.com.co
SAVAKE COLOMBIA SAS;900742658;aarango@savake.com.co
SAVAKE COLOMBIA SAS;900742658;savakecolombia@savake.com.co
SEGAR S A;890801763;javieric915@hotmail.com
SEGAR S A;890801763;adrianamariasegar@hotmail.com
SENCO LATIN AMERICA SA;811000831;asistente.cartera@sencolatinamerica.com
SENCO LATIN AMERICA SA;811000831;afinanciero@sencolatinamerica.com
SERVIENTREGA S A;860512330;victoria.tejada@servientrega.com
SERVIENTREGA S A;860512330;occidente_clientecorporativo@servientrega.com
SERVIENTREGA SA;860512330;victoria.restrepo@servientrega.com
SERVIENTREGA SA;860512330;yazmin.duque@servientrega.com
SERVIENTREGAINTERNACIONAL;800179612;maria.cabrera@servientrega.com
SIGMA CERTIFICADOS;811042355;marcela.garces@sigmaenertel.com
SIGMA ENERTEL SAS;811042355;catalina.molina@sigmaenertel.com
SILQUIN LTDA;890325787;silquin_ltda@hotmail.com
SIMANCA HERRERA VIVIANA JAZMIN;1067902765;equiagrodelvalle32@gmail.com
SISGO SAS;900282250;asistente@sisgo.com.co
SISTEMAS ARQUITECTONICOS DE ALUMINIO Y CRISTAL LTD;805010413;ventas@saacltda.com
SOFTPYMES SOCIEDAD POR ACCIONES SIMPLIFICADA;830506365;asistente@softpymes.com.co
SOLO SIERRAS SAS;900126972;certificados@solosierras.com
SOLO SIERRAS SAS;900126972;ventascali@solosierras.com
SOLUCION INTEGRAL SAS;900487568;serviciosmedicos@saludlaboralvalleips.com
STERLIN RAMIRO;2692726;surtimotores@une.net.co
SUMICALI SAS;800166172;ventas01@sumicali.com
SUMICALI SAS;800166172;auxiliarcontable@sumicali.com
SUMINISTROS INDUSTRIALES DE COLOMBIA LTD|;860065726;cartera@sumincol.net
SUMINISTROS INDUSTRIALES DE COLOMBIA LTD|;860065726;ventas@sumincol.net
SUMINISTROS MAGENTA SAS;900710364;suministrosmagenta@gmail.com
SUMINTEC LTDA;900037544;oapferrosumintec@hotmail.com
T D COLOMBIA SAS;900572683;gerencia@tdcolombia.com
T D COLOMBIA SAS;900572683;info@tdcolombia.com
TABARES TRADING S A S;805011747;info@tabarestrading.com
TANAKA JOSE VICENTE;16684768;ventas1@keysys.com.co
TARSON Y CIA LTDA;830096047;jfonseca@tarson-ltda.com
TCC SAS;860016640;recaudoycredito@tcc.com.co
TCC SAS;860016640;amduque@tcc.com.co
TECNICAS ANDINAS;860502571;m.garcia@tecnicasandinas.com
TECNICASTRO SAS;900557773;contabilidad@tecnicastro.com
TECNIYALE SAS;800226013;contabilidad@tecniyale.com
TIENDAS SA;890929922;tiendascartera@gmail.com
TIENDAS SA;890929922;claragiraldo@hotmail.es
TOPOEQUIPOS SA;800035478;ventas@topoequipos.com
TRUST ME SAS;900078186;servicioalcliente@trustmeltda.com
UMP DE COLOMBIA SAS;811011781;grozcali@umpfrixo.com
UMP DE COLOMBIA SAS;811011781;umpcali@umpfrixo.com
VARGAS NAVARRO FREDDY;16637265;ventasafrodis@hotmail.com
VEGAS SUMINISTROS EMPRESARIALES SAS;805003116;webmaster@vegassuministrosempresariales.com
VICSA STEELPRO COLOMBIA SAS;900148269;asesor.occidente@vicsacolombia.com
VILLAREAL TEZ LUIS HUMBERTO;16763245;luishvilla69@hotmail.com
VIMAFER LTDA;800015525;contabilidad@vimaferltda.com
VIMAFER LTDA;800015525;gerencia@vimaferltda.com
VIMAFER LTDA;800015525;ventas@vimaferltda.com
VIMAFER LTDA;800015525;aux-administrativo@vimaferltda.com
VISION TECNOLOGICA SAS;811021575;info@visiontecnologica.com
VISION TECNOLOGICA SAS;811021575;lbotero@visiontecnologica.com
VOSAVOS SAS;900628888;contabilidad@hogaru.com
WHITE SERVICE  AIRES CALI SA;900750171;whiteservicecali@gmail.com
